{
  "token_acc": 0.9968038482,
  "token_p": 0.9727525387,
  "token_r": 0.9831462495,
  "token_f": 0.9779217779,
  "pos_acc": 0.9877783504,
  "morph_acc": 0.9708057694,
  "morph_micro_p": 0.9875504049,
  "morph_micro_r": 0.9802275399,
  "morph_micro_f": 0.9838753468,
  "morph_per_feat": {
    "Animacy": {
      "p": 0.988486504,
      "r": 0.9782861462,
      "f": 0.9833598738
    },
    "Case": {
      "p": 0.9752201653,
      "r": 0.9685401281,
      "f": 0.9718686682
    },
    "Gender": {
      "p": 0.9868915106,
      "r": 0.9804003796,
      "f": 0.9836352363
    },
    "Number": {
      "p": 0.9949948811,
      "r": 0.9884732738,
      "f": 0.991723356
    },
    "Degree": {
      "p": 0.9827798278,
      "r": 0.9843942505,
      "f": 0.9835863767
    },
    "Aspect": {
      "p": 0.9835055284,
      "r": 0.9754606742,
      "f": 0.9794665824
    },
    "Mood": {
      "p": 0.9986343886,
      "r": 0.9972725019,
      "f": 0.9979529806
    },
    "Tense": {
      "p": 0.9901533997,
      "r": 0.9812037798,
      "f": 0.9856582749
    },
    "VerbForm": {
      "p": 0.9944716331,
      "r": 0.9863370787,
      "f": 0.9903876529
    },
    "Voice": {
      "p": 0.9886713794,
      "r": 0.9805842697,
      "f": 0.9846112189
    },
    "StyleVariant": {
      "p": 0.9930624381,
      "r": 0.9881656805,
      "f": 0.9906080079
    },
    "Polarity": {
      "p": 1.0,
      "r": 1.0,
      "f": 1.0
    },
    "Person": {
      "p": 0.9995449374,
      "r": 0.9909767652,
      "f": 0.9952424105
    },
    "Foreign": {
      "p": 0.9635316699,
      "r": 0.8685121107,
      "f": 0.9135577798
    },
    "Hyph": {
      "p": 0.0,
      "r": 0.0,
      "f": 0.0
    }
  },
  "sents_p": 0.9982866933,
  "sents_r": 0.997716895,
  "sents_f": 0.9980017128,
  "dep_uas": 0.9585950419,
  "dep_las": 0.9462968408,
  "dep_las_per_type": {
    "case": {
      "p": 0.991334652,
      "r": 0.9889129005,
      "f": 0.9901222954
    },
    "parataxis": {
      "p": 0.8785046729,
      "r": 0.851228978,
      "f": 0.864651774
    },
    "nmod": {
      "p": 0.9211579633,
      "r": 0.9191046717,
      "f": 0.920130172
    },
    "advmod": {
      "p": 0.9553814714,
      "r": 0.9479553903,
      "f": 0.951653944
    },
    "obl": {
      "p": 0.9388538525,
      "r": 0.9267830559,
      "f": 0.9327794048
    },
    "amod": {
      "p": 0.9879261364,
      "r": 0.9834558824,
      "f": 0.985685941
    },
    "nsubj": {
      "p": 0.9666086406,
      "r": 0.9644718143,
      "f": 0.9655390452
    },
    "root": {
      "p": 0.9879908502,
      "r": 0.9861111111,
      "f": 0.9870500857
    },
    "xcomp": {
      "p": 0.9460269865,
      "r": 0.9589665653,
      "f": 0.9524528302
    },
    "conj": {
      "p": 0.8829895164,
      "r": 0.8960192176,
      "f": 0.8894566513
    },
    "cc": {
      "p": 0.9719101124,
      "r": 0.9710009355,
      "f": 0.9714553112
    },
    "fixed": {
      "p": 0.9885057471,
      "r": 0.9847328244,
      "f": 0.9866156788
    },
    "mark": {
      "p": 0.962914769,
      "r": 0.9660574413,
      "f": 0.9644835451
    },
    "ccomp": {
      "p": 0.9719042664,
      "r": 0.9769874477,
      "f": 0.974439228
    },
    "nummod:gov": {
      "p": 0.9665271967,
      "r": 0.9625,
      "f": 0.9645093946
    },
    "nummod": {
      "p": 0.9679930796,
      "r": 0.9499151104,
      "f": 0.9588688946
    },
    "obj": {
      "p": 0.9673762787,
      "r": 0.956010929,
      "f": 0.9616600247
    },
    "det": {
      "p": 0.9646209386,
      "r": 0.9653179191,
      "f": 0.964969303
    },
    "appos": {
      "p": 0.8789719626,
      "r": 0.8079896907,
      "f": 0.8419874664
    },
    "aux": {
      "p": 0.9528301887,
      "r": 0.9619047619,
      "f": 0.9573459716
    },
    "flat": {
      "p": 0.9952941176,
      "r": 0.9635535308,
      "f": 0.9791666667
    },
    "flat:name": {
      "p": 0.9637305699,
      "r": 0.9607438017,
      "f": 0.9622348681
    },
    "iobj": {
      "p": 0.9104895105,
      "r": 0.817839196,
      "f": 0.861681006
    },
    "acl": {
      "p": 0.8984575835,
      "r": 0.872659176,
      "f": 0.8853704877
    },
    "obl:agent": {
      "p": 0.7333333333,
      "r": 0.7236842105,
      "f": 0.7284768212
    },
    "advcl": {
      "p": 0.8741258741,
      "r": 0.8561643836,
      "f": 0.8650519031
    },
    "cop": {
      "p": 0.8888888889,
      "r": 0.8888888889,
      "f": 0.8888888889
    },
    "flat:foreign": {
      "p": 0.9623655914,
      "r": 0.8136363636,
      "f": 0.881773399
    },
    "aux:pass": {
      "p": 0.9912790698,
      "r": 0.9770773639,
      "f": 0.9841269841
    },
    "nsubj:pass": {
      "p": 0.9490538574,
      "r": 0.9518248175,
      "f": 0.9504373178
    },
    "acl:relcl": {
      "p": 0.8177966102,
      "r": 0.7926078029,
      "f": 0.8050052138
    },
    "orphan": {
      "p": 0.75,
      "r": 0.6666666667,
      "f": 0.7058823529
    },
    "discourse": {
      "p": 0.9375,
      "r": 0.9230769231,
      "f": 0.9302325581
    },
    "csubj": {
      "p": 0.9555555556,
      "r": 0.9084507042,
      "f": 0.9314079422
    },
    "expl": {
      "p": 0.8333333333,
      "r": 0.7894736842,
      "f": 0.8108108108
    },
    "compound": {
      "p": 1.0,
      "r": 0.4,
      "f": 0.5714285714
    },
    "csubj:pass": {
      "p": 0.75,
      "r": 0.8181818182,
      "f": 0.7826086957
    },
    "nummod:entity": {
      "p": 1.0,
      "r": 0.75,
      "f": 0.8571428571
    },
    "list": {
      "p": 0.0,
      "r": 0.0,
      "f": 0.0
    }
  },
  "tag_acc": 0.9877783504,
  "lemma_acc": 2.15295e-05,
  "ents_p": 0.9488037477,
  "ents_r": 0.9545531055,
  "ents_f": 0.9516697432,
  "ents_per_type": {
    "PER": {
      "p": 0.9580771381,
      "r": 0.962380685,
      "f": 0.9602240896
    },
    "LOC": {
      "p": 0.9787032655,
      "r": 0.9768540387,
      "f": 0.9777777778
    },
    "ORG": {
      "p": 0.9103614458,
      "r": 0.9246206559,
      "f": 0.9174356484
    }
  },
  "speed": 2130.0119001989
}